username,email,password,first_name,last_name,created_at
johndoe,johndoe@example.com,password123,John,Doe,2023-01-15 08:23:45
janedoe,janedoe@example.com,password456,Jane,Doe,2023-02-20 10:30:12
michael123,michael123@example.com,password789,Michael,Smith,2023-03-05 14:45:23
sarah.connor,sarah.connor@example.com,terminator456,Sarah,Connor,2023-04-18 11:12:05
david.jones,david.jones@example.com,secret123,David,Jones,2023-05-25 16:22:10
emily.brown,emily.brown@example.com,emily123,Emily,Brown,2023-06-01 19:30:30
daniel_white,daniel.white@example.com,daniel2023,Daniel,White,2023-07-10 09:00:00
olivia.green,olivia.green@example.com,green2023,Olivia,Green,2023-08-19 13:05:15
andrew.white,andrew.white@example.com,whitepassword,Andrew,White,2023-09-30 17:40:00
lucy.gray,lucy.gray@example.com,graypassword123,Lucy,Gray,2023-10-07 20:15:25